,STAUROSPORINE/Dose/1 uM/Time/3 h/CellLine/A375/Signature ID/LINCS_TP51,STAUROSPORINE/Dose/1 uM/Time/3 h/CellLine/A375/Signature ID/LINCS_TP79,STAUROSPORINE/Dose/1 uM/Time/3 h/CellLine/A375/Signature ID/LINCS_TP116,STAUROSPORINE/Dose/1 uM/Time/3 h/CellLine/A549/Signature ID/LINCS_TP254,STAUROSPORINE/Dose/1 uM/Time/3 h/CellLine/A549/Signature ID/LINCS_TP282,STAUROSPORINE/Dose/1 uM/Time/3 h/CellLine/A549/Signature ID/LINCS_TP319,STAUROSPORINE/Dose/1 uM/Time/3 h/CellLine/Astrocyte/Signature ID/LINCS_TP467,STAUROSPORINE/Dose/1 uM/Time/3 h/CellLine/Astrocyte/Signature ID/LINCS_TP493,STAUROSPORINE/Dose/1 uM/Time/3 h/CellLine/Astrocyte/Signature ID/LINCS_TP524,STAUROSPORINE/Dose/1 uM/Time/3 h/CellLine/HAoSMC/Signature ID/LINCS_TP566,STAUROSPORINE/Dose/0.1 uM/Time/3 h/CellLine/HUVEC/Signature ID/LINCS_TP658,STAUROSPORINE/Dose/1 uM/Time/3 h/CellLine/HUVEC/Signature ID/LINCS_TP659,STAUROSPORINE/Dose/1 uM/Time/3 h/CellLine/MCF10A/Signature ID/LINCS_TP705,STAUROSPORINE/Dose/1 uM/Time/3 h/CellLine/MCF10A/Signature ID/LINCS_TP720,STAUROSPORINE/Dose/1 uM/Time/3 h/CellLine/MCF7/Signature ID/LINCS_TP734,STAUROSPORINE/Dose/1 uM/Time/3 h/CellLine/MCF7/Signature ID/LINCS_TP762,STAUROSPORINE/Dose/1 uM/Time/3 h/CellLine/MCF7/Signature ID/LINCS_TP799,STAUROSPORINE/Dose/1 uM/Time/24 h/CellLine/MCF7/Signature ID/LINCS_TP831,STAUROSPORINE/Dose/1 uM/Time/6 h/CellLine/MCF7/Signature ID/LINCS_TP863,STAUROSPORINE/Dose/1 uM/Time/3 h/CellLine/NPC/Signature ID/LINCS_TP906,STAUROSPORINE/Dose/1 uM/Time/3 h/CellLine/NPC/Signature ID/LINCS_TP950,STAUROSPORINE/Dose/1 uM/Time/3 h/CellLine/NPC/Signature ID/LINCS_TP977,STAUROSPORINE/Dose/1 uM/Time/3 h/CellLine/PC3/Signature ID/LINCS_TP1035,STAUROSPORINE/Dose/1 uM/Time/3 h/CellLine/PC3/Signature ID/LINCS_TP1036,STAUROSPORINE/Dose/1 uM/Time/3 h/CellLine/PC3/Signature ID/LINCS_TP1085,STAUROSPORINE/Dose/1 uM/Time/3 h/CellLine/PC3/Signature ID/LINCS_TP1136,STAUROSPORINE/Dose/1 uM/Time/3 h/CellLine/YAPC/Signature ID/LINCS_TP1192,STAUROSPORINE/Dose/1 uM/Time/3 h/CellLine/YAPC/Signature ID/LINCS_TP1240
Peptide: IYQY[+80]IQSR/Q13627[Y+80@321](DYRK1A),0.6004356445,0.650972141667,0.729591706,0.368553338333,0.693839654667,0.0813991783333,0.164086774,-0.825558844,-0.030518744,0.696497466333,-0.227930084333,0.280654373667,0.181140209667,0.618463213667,0.633870265,0.457334061,0.721139633667,1.52045046533,0.943744499667,0.324619244333,0.359376387,0.574330519,0.4710192445,0.360913903,0.676500323333,0.368941235,0.416384087333,0.077288325
Peptide: TPKDS[+80]PGIPPSANAHQLFR/P51812[S+80@369](RPS6KA3),2.2516581755,2.60826972933,2.632255767,0.582379694,0.18967167,0.687703864667,0.061797978,0.702082516,0.67090493,-0.513163011,0.45748522,-0.962421346,1.42466511433,1.55694132633,0.963357203,0.673667175667,0.978679265667,-0.218401252333,0.599978293667,1.64193838,2.3032349965,1.52217165733,0.624836358,0.870343575,0.443156115667,0.527760581333,2.30187452367,2.54659184
Peptide: RNS[+80]SEASSGDFLDLK/Q9UK76[S+80@87](JPT1),0.3762740925,0.585037351,0.800768792,0.640354197667,-1.04426816367,-0.269511287,1.127077741,0.705824993,0.02205056,0.0,0.129640604333,-0.401366603667,0.356005016,0.653027955,0.865523997,0.797663929333,0.716496855667,-0.024944663,1.01800563433,0.271753760667,0.2415529055,0.0255683303333,1.060963339,0.494903092,0.155554377,0.425069089667,0.411941679,0.15069728
Peptide: LPLVPES[+80]PRR/Q86WB0[S+80@321](ZC3HC1),-0.752496283,-0.294162101667,-0.568344123667,-0.988294722333,-1.0739127,-1.12610423667,-1.966484034,2.61347699167,-0.019943933,0.0,1.11194315467,0.0605905436667,-0.459680674667,-0.288800755333,-1.519025252,-1.678220373,-1.152540287,-2.035210734,-1.75483458533,-1.23592445833,-1.421853411,-1.04837686367,-0.9003239475,-1.441429038,-1.33572754933,-1.63603209767,-0.265800475667,0.036295958
Peptide: ANAS[+80]PQKPLDLK/Q9Y618[S+80@956](NCOR2),-0.089256741,-0.687343311333,0.0748990743333,0.0544970696667,0.339257005,-0.332603369333,-0.33253126,-0.127337726333,-0.33251779,0.0,-0.721976371333,-0.136873441333,0.179937248333,0.561412108,-0.0667306796667,-0.426324698667,0.0856385716667,-0.476102056,-0.01576231,-0.383685912,-0.3318354175,-0.162142050333,0.1627702295,0.068649384,-0.393282111333,-0.598120403,0.330759502,0.547141766
Peptide: LENS[+80]PLGEALR/Q9NX40[S+80@108](OCIAD1),-0.880718306,0.0231142453333,-0.693770053333,-0.186441102,0.586602726667,-0.103543920333,0.0,0.408637197,0.0,0.0,0.0,0.0,0.346443047667,0.630061639,-0.531051530333,-0.200562453667,0.064574876,-1.20518795033,-1.02454327467,-0.498202975333,-0.1850732675,0.000946316333333,0.590071392,0.423447156,0.526759973,0.427201457,-0.209524322,-0.099983029
Peptide: ANS[+80]FVGTAQYVSPELLTEK/O15530[S+80@241](PDPK1),0.16003188,0.082258637,0.560875163,0.125708326,-0.426620583667,-0.0174034863333,0.555305829,0.369197923,0.196558324,0.123955281667,0.092386978,-0.110318761667,0.104904814,0.285180816667,0.165496314,0.289190372,0.331320652,-0.888826561,0.333342127,-0.200462501333,0.1432746645,0.0653370446667,0.1790712295,0.215491913,-0.110097623,-0.011043855,0.1347033,0.149937923
Peptide: TNPPTQKPPS[+80]PPMSGR/Q8IZP0[S+80@183](ABI1),0.7773915315,0.641400328333,0.921519218,0.329860321,0.163741822,0.369331686,-0.012279732,0.605051626333,0.389043318,0.715485353667,-1.02341804067,-0.247958895667,0.46092145,0.712713105,0.907956156667,0.0,0.680348408333,1.17716292667,0.954221908,0.456004968,0.5942445305,0.458155645,0.585365795,0.701340082,0.253568345333,0.480429011667,0.599265243667,0.785786774
Peptide: SNS[+80]LPHSAVSNAGSK/Q8TBZ3[S+80@434](WDR20),-0.0374585775,-1.09370973133,-0.604564166,0.22013011,-0.266599021,-0.351125608,0.824347419,0.913201204333,0.0,-0.379819543,-0.154259003667,-1.01596446333,-0.754652019667,-0.283644983333,0.4361075,0.0800407853333,0.171553225667,0.096815154,0.934199148667,7.16586666667e-05,0.052769391,-0.154618064333,-0.5188681765,-0.675763461,-1.30414687233,-0.814452787667,-0.207298447,-0.102445323
Peptide: VGS[+80]LDNVGHLPAGGAVK/P27816[S+80@1073](MAP4),-1.5767259875,-3.336331775,-3.47205249667,-1.781916618,-3.40581071933,-2.70159362367,-3.197762292,-3.286964665,-3.268153717,-2.97815705333,0.686278558667,-0.868498336,-3.36913151233,-2.834368412,-2.28396308167,-2.08352729033,-2.16733555767,-3.235683477,-3.52953578967,-1.574365834,-3.1584005775,-3.76149880967,-2.888985692,-2.942144197,0.0,0.0,-5.44450307833,-5.895959586
Peptide: AAPEAS[+80]SPPASPLQHLLPGK/Q96TA1[S+80@691](FAM129B),0.3324621335,-0.0551118576667,0.754244947333,0.236025813333,0.313444885333,0.003864445,-2.236503805,-0.228051216,0.262202147,0.107014425667,-0.207160088333,0.415024800333,-0.005936957,-0.212183947,0.411273991,-0.129417071333,-0.011513178,-0.405978671667,0.467129987333,-1.129631151,-0.218480574,-0.820997392333,1.1138780965,0.251851733,-0.725427552333,0.0981224543333,-0.0424613986667,0.290658743
Peptide: S[+122]DKPDM[+16]AEIEKFDK/P62328[S+122@2][M+16@7](TMSB4X),1.267571052,0.0,0.0,1.23275256233,0.0153079443333,1.30831645267,1.962077527,1.37057606933,1.001982629,0.774828883667,0.498504942667,0.911133118667,0.0,0.0,1.552206682,0.992029190333,1.82266303933,1.733856959,2.13896235867,1.120791,1.2981349515,1.28186170933,0.41661647,0.545052638,1.39633727367,0.238683367,0.607468838667,-0.813244527
Peptide: S[+122]DKPDMAEIEKFDK/P62328[S+122@2](TMSB4X),1.0778296285,0.0,1.313399439,1.241541006,-0.203863980333,0.982115574333,1.422973967,1.18260760333,0.571567951,0.655981462667,-0.831779353,-0.099855409,1.23158371033,1.66130313,1.73523021467,0.754268758667,1.388254144,0.911970983333,2.220355193,1.038859202,1.080876011,1.02024088467,0.695004003,0.369447422,0.396984525,0.461936638333,0.595870405,1.274569602
Peptide: SLS[+80]LGDKEISR/Q9UMZ2[S+80@1075](SYNRG),-1.006332973,-2.51625766333,-1.18630421867,-0.786937330667,-2.758941256,-2.03691075667,-1.419802161,-1.66812259067,-1.961809969,-1.22856691633,1.48249597333,-0.137376674667,0.176067395667,0.252198028,-2.17652161167,-1.783261499,-1.627073712,-0.243408543,-0.796734360667,-1.541424227,-1.544957039,-2.52737207167,-0.258265917,-0.791160573,-0.879339782333,-0.696496774333,0.438216402333,0.793522279
Peptide: DLVQPDKPAS[+80]PK/Q6PJT7[S+80@515](ZC3H14),1.225108687,1.31825174767,1.46503873533,0.757134127,1.408391551,0.576883223667,0.6277698,0.116547735333,0.616884841,0.835381066333,-0.447180396667,0.503074661333,1.10266189533,1.45523339667,0.981492808,0.698654614,1.07253176133,0.881473330333,1.215298091,0.441763509333,0.570646142,0.571444259333,1.127792026,1.004799107,1.17793717933,1.05680103067,0.683143879333,1.064327128
Peptide: SPS[+80]PAHLPDDPKVAEK/Q92615[S+80@601](LARP4B),0.677510707,0.881209489333,1.07187340967,0.560344930333,0.239682845,0.438741157,-0.52142756,-0.00117357266667,0.247496687,0.550856878333,-0.348552345667,0.146988386,0.487594004667,0.621470501333,0.575645326333,0.468048051667,0.803579326,-0.640000714667,0.333417005667,0.229589281667,0.3739297445,0.369159817333,0.927289202,0.89724373,0.754042331333,0.639469082,0.502027849333,0.930249941
Peptide: S[+80]IQDLTVTGTEPGQVSSR/O43318[S+80@439](MAP3K7),0.1454914535,0.0588739473333,0.534095629,0.876176262333,-1.83894316133,-1.156927329,1.636836894,0.780767147,0.882144779,0.0943858343333,0.0325966026667,-1.50957548167,-0.0748015483333,0.417708038667,0.941998325,0.127092224333,0.0164200936667,-0.35809363,0.376377842667,-0.128233653667,0.000428467,-0.036112294,0.5284249655,0.33420912,-0.130892516667,0.341002642333,0.125794353333,-0.00034811
Peptide: IHS[+80]PIIR/O60885[S+80@1117](BRD4),0.7316424175,1.03777888367,1.116917925,0.481480126333,1.004728236,0.281096214333,0.13285653,0.0508543616667,0.455056203,0.986321904,0.064958429,0.302517522333,1.167762304,1.727028584,0.769492453333,0.386794749,0.686995801,0.057997354,0.340057545667,0.5262827,0.748604236,0.563844546667,1.1664734645,1.058514631,1.15850388533,1.14187852833,0.916346249333,1.353643023
Peptide: TFS[+80]LTEVR/O95239[S+80@801](KIF4A),-2.7426359655,-2.761054169,-3.58247473233,-3.56995475233,-6.16558391067,-3.993306473,-1.538027822,-1.97375546267,-1.72185522,0.0,2.097410094,-2.02645322233,-3.21982158433,-3.050600261,-3.03863858067,-4.187304936,-4.210959758,-1.741248666,-3.49110483333,-2.488121441,-3.300516337,-3.338404665,-4.4785539975,-4.064159908,-4.53069075367,-4.44462182333,-3.19844500867,-3.004630011
Peptide: SLVGS[+80]WLK/Q6ICG6[S+80@362](KIAA0930),-2.683343149,-3.57646582033,-4.14314201667,-1.20660013967,0.0,0.0,0.0,-5.60821583467,0.0,-4.22372372667,-0.330697615333,0.0,-6.07683401433,-5.243416532,-2.5742763345,0.0,-4.09022711767,-4.46012907267,-4.821076232,-2.10846429867,-3.717689311,-4.37861422367,-5.6751359005,0.0,0.0,0.0,-4.897108485,-3.020624148
Peptide: S[+80]PPAPGLQPMR/P15408[S+80@200](FOSL2),0.084968388,0.450108565,0.553976391333,0.136013401667,0.413845627333,-0.0824454623333,0.278580705,0.114502633333,-1.254542528,0.189549746667,-0.695261152333,-1.0373311295,0.41990184,0.799656257667,0.753588909,0.295350186333,1.03422885667,-0.287770678,1.12164576667,0.286775891667,0.0,-0.104644633667,0.592009656,0.530804677,0.231410346,0.0,1.49106835733,1.823955304
Peptide: LAS[+80]PELER/P17535[S+80@100](JUND),-0.4365968305,-0.512597884667,-0.830543627,-0.533112099333,0.318910227667,0.216963133,0.800540133,0.483652399333,0.993342261,0.128294289,1.32500247967,-0.055519012,0.637440896667,0.340474099667,0.0933507616667,0.0238556883333,0.483010245,0.491332198333,0.844140841,0.128263560667,0.7722468975,0.643273299333,0.2124328575,0.354405053,0.0111634293333,0.173592706333,0.1313965,0.122961558
Peptide: IGPLGLS[+80]PK/P30050[S+80@38](RPL12),-1.1538519705,-1.61930868033,-1.56251156767,-1.05301602733,-0.486794213333,-1.282616914,-0.290544075,-0.391588555667,0.17984609,0.379304275667,-0.702060659,-0.282874236333,-1.77315177167,-1.32154999367,-1.21222323633,-1.078468507,-1.43148965267,-0.453015994,-0.810444240667,-0.301133185667,-0.3208214935,-0.246205628333,-0.513198015,-1.200524095,-1.39739467533,-1.16478147633,-1.89584300967,-1.420350922
Peptide: TPS[+80]IQPSLLPHAAPFAK/P35658[S+80@1023](NUP214),-1.1929129565,-0.294741877667,-0.588203743,-0.339478783,0.0648121143333,-0.077230492,0.0,0.362673375333,0.0,-4.60036031,2.26801437433,-4.3357941655,-0.436080631333,-1.116431365,0.0260116693333,-1.211152476,-0.845624070667,-1.843854226,-0.366555120667,0.409950264667,0.48532785,1.05261045467,-1.704286013,-2.078776124,-1.13079824667,-1.450729507,-1.64422406733,-1.29966404
Peptide: HAS[+80]PILPITEFSDIPR/P42167[S+80@306](TMPO),-1.875399432,-2.76178735333,-4.08189314067,-3.756946188,0.0,0.0,0.0,-2.79548824233,0.0,0.0,1.210050569,0.0,0.0,-4.14204091267,-4.897988622,0.0,-4.083024216,-3.727526114,-4.44370691033,-2.262426782,-3.875768946,0.0,-3.781297681,-3.096701391,0.0,-3.0554622215,0.0,-1.558212489
Peptide: LIPGPLS[+80]PVAR/P48634[S+80@1219](PRRC2A),0.5321793515,0.516813796,0.762254743333,-0.291509968,0.080030344,-0.0920875996667,-1.422502129,-1.23360590233,0.12344903,-0.089461337,-0.107085636667,0.141998535,0.825436444,0.732430090333,-0.138681865,-0.0803746883333,-0.0364505753333,-1.501491491,-0.746554289,-0.427215118667,-0.385989393,-0.510282459667,0.37908966,0.306486064,0.293380443333,0.222283844333,0.229606438,0.400019332
Peptide: LGM[+16]LS[+80]PEGTC[+57]K/P49327[S+80@207][M+16@205][C+57@212](FASN),0.1071009975,1.06132456867,0.981859031333,0.50984124,-0.107942929667,0.236344328667,1.118964248,0.605416444333,1.495375308,0.234356914333,0.0,0.0,0.487436815,0.837986971,0.693742508333,0.748784559667,1.26289093067,1.896848513,1.38663629167,0.636928010333,1.245072066,0.726361194333,0.5433348105,0.99718452,0.540293690333,0.347024601,0.484429259333,0.295705893
Peptide: LGMLS[+80]PEGTC[+57]K/P49327[S+80@207][C+57@212](FASN),0.2253585095,0.303266430667,0.777458893667,0.45602912,-0.744793753333,0.359506326333,0.59482623,0.456890265333,0.387397561,0.0,0.0,-0.243707578,0.542469607,0.789893541,0.627935095667,0.55128618,0.776088478333,1.12929792667,1.148559625,0.311540684667,0.523783507,0.378520648333,0.8245209675,0.571293878,0.822774188667,0.451904611,0.159416110667,0.543704865
Peptide: ISNLS[+80]PEEEQGLWK/Q5HYJ3[S+80@193](FAM76B),-0.3285139825,-0.417474962667,0.180841065,-0.0690355273333,0.013072904,-0.267582843333,-0.54652204,-0.517258843333,-0.659632618,0.074628,-0.939353182667,-0.909472445,-0.360675769333,-0.149392728,-0.205977319667,-0.193795873333,0.139744794667,-1.45871886433,-0.249476016333,-0.241576378333,-0.2099019895,-0.588185350333,-0.200143996,0.023343941,-0.126835963333,-0.159835160667,0.561703319,0.528936179
Peptide: VSMPDVELNLKS[+80]PK/Q09666[S+80@3426](AHNAK),-0.5379196235,-0.281732614333,-0.509204956,0.491461565667,-1.162539462,0.506068884,0.0,0.444847715667,0.0,0.344567336333,0.0,0.0,0.151361924667,0.005615222,0.485548699667,0.0,-0.943500605,-1.156198521,0.0722838186667,-0.396991920667,0.0,-0.253815907667,1.569231235,0.0927227,0.306421381667,0.0,-1.48108870867,-0.983963143
Peptide: S[+122]DNGELEDKPPAPPVR/Q13177[S+122@2](PAK2),1.519949325,1.26409434367,1.69950953733,1.16977752,0.012178411,0.736869136333,1.52856239,1.14986356333,0.519100971,1.37827977967,-0.392590866,0.573504182,1.26204476433,1.724613426,0.978257301333,0.794715760667,1.228165289,0.928617273,1.24291258667,0.796439085667,0.893074194,0.72846123,1.454634243,1.430032241,1.183811352,1.28309168667,0.990496436667,1.204388943
Peptide: KAYS[+80]FC[+57]GTVEYM[+16]APEVVNR/Q15418[S+80@221][M+16@229][C+57@223](RPS6KA1),-1.7510450075,-0.960793023333,-4.20240007533,-0.622473698667,0.0,0.0,0.0,3.095099602,0.0,0.0,0.0,0.0,-4.1199166285,-4.199636108,-4.576017116,0.0,-1.077061213,0.205142067333,-1.86702885033,0.189055484333,0.0,0.0,-0.2194190555,-0.835415166,0.0,0.0,-0.760444410667,-2.772842173
Peptide: KAYS[+80]FC[+57]GTVEYMAPEVVNR/Q15418[S+80@221][C+57@223](RPS6KA1),-2.2779458645,-4.44154665033,-3.70456138,-3.43957608667,0.0,0.0,0.0,-3.35177473933,0.0,0.0,-0.112882428,0.0,-4.849192646,-4.48801873,-5.57903337667,-3.11751603967,-2.82679083733,-4.249242769,-4.89066326533,-1.68735267,-3.248404536,0.0,-5.284239054,-4.339217708,-7.91448225233,0.0,-1.81831855267,-2.112076234
Peptide: NDS[+80]WGSFDLR/Q7Z417[S+80@652](NUFIP2),0.1998676235,0.771568637,0.559591371333,0.0737282726667,0.509395446333,0.176660214333,0.831103828,0.812619383333,0.0,-0.0973827996667,0.0277340403333,-0.573748013667,0.656249979333,0.664036805333,0.552548533333,0.265099468667,0.641456348,-0.099397394,1.54276106533,0.381419776,0.391740051,0.480123151667,0.1160697645,0.374427546,0.490328989,0.286136919333,0.0215703036667,0.268063172
Peptide: LEVTEIVKPS[+80]PK/Q7Z6E9[S+80@1179](RBBP6),-0.050958876,-0.187363139333,0.243685381667,0.114627172667,0.0509152956667,-0.383887005333,-1.021192332,0.0606815773333,0.055655766,0.256575355,0.579238969333,-0.707005097,0.172286073333,0.197802221333,0.158282885333,0.217037492667,0.367873872,-0.456043793333,-0.550419336333,-0.139621163333,-0.2357436475,-0.379527542667,0.4530071545,0.385038721,0.376105388,0.223615539667,0.553047142667,0.802285972
Peptide: YGS[+80]PPQRDPNWNGER/O15234[S+80@265](CASC3),0.75144143,0.851841784,0.0,0.457967659,0.115799891333,0.291672713333,0.698670152,0.697142958667,0.0,0.387570598,-0.774899976,-0.44545031,0.558289006333,0.963807664667,0.668742975667,0.468461887,0.973468716,0.446646896667,1.18843977767,0.396308082667,0.501791564,0.483358711333,0.505763765,0.584850014,0.51725393,0.504883665667,0.586946180667,0.289273154
Peptide: QDDS[+80]PPRPIIGPALPPGFIK/Q8IXQ4[S+80@105](GPALPP1),1.1692787425,0.768017614333,1.10443748433,0.598151597,0.872286479667,0.391668270333,-0.276263066,0.309961599,0.862025549,0.981372188333,0.190991658333,1.10819367833,0.431291645667,0.224358047,1.00386511167,0.648814919667,0.838171846333,1.660132163,0.902215173,0.375264776667,0.5438315805,0.539264063667,1.2444414365,1.041328794,0.592903335333,0.548092628667,0.557655536,0.721307873
Peptide: SFS[+80]ADNFIGIQR/Q8N7R7[S+80@344](CCNYL1),-0.149832463,-0.101499169,0.444639450333,0.0500130663333,1.13924242433,-0.192640555333,0.641018724,1.08891814467,0.238811545,0.415952681,-0.181086078,0.093664706,0.195873051333,0.488320463333,0.267836818667,0.254634035333,0.311282645,-0.493508992333,0.167139172,0.367101700667,0.251086852,0.192768237,-0.273004059,0.127618128,-0.335480642,-0.075507202,0.185971832,0.226353474
Peptide: VLS[+80]PLIIK/Q8NCN4[S+80@403](RNF169),0.0835102475,-0.005404598,0.219414787333,-0.495242648,0.269390142,-0.246645262333,0.0,-1.05303210567,0.0,0.513936653333,0.338641115333,0.706859244667,-0.258075167667,-0.298755354667,0.263222112667,-0.427733412333,-0.160927304333,1.18628400267,-0.245400478,-0.31446973,-0.3147942105,-0.229093898667,0.2316088945,0.338249054,-0.140373818667,-0.236584757333,0.166880293333,0.478735191
Peptide: AGS[+80]PDVLR/Q8NDX6[S+80@44](ZNF740),0.9026017435,0.974855043,1.05064875267,0.613818137,1.314006654,0.540688861333,0.627911052,0.317900951,0.214278417,0.796473424,-0.0571413816667,0.160942378333,0.817557114667,1.193224014,1.133638562,0.776971628,1.25671908033,0.632642102,1.260742695,0.493538246,0.6216177375,0.567038217667,0.9850931925,0.988331861,0.929027324667,0.811579402,0.745497848667,0.3796494
Peptide: LGPGRPLPTFPTSEC[+57]TS[+80]DVEPDTR/Q8TDD1[S+80@75][C+57@73](DDX54),0.742435777,1.67073765033,1.40691844,0.773169018667,0.976980965333,0.572660299,0.957551385,0.929321222667,0.828861331,0.817631874667,0.121597846333,0.171910565333,1.01331319133,1.21624225067,1.460850822,0.579039227667,0.831012434,0.419066040667,0.978280068667,0.303926048333,0.8188843475,1.27979589567,1.057448579,1.308560456,0.762756949333,0.762797880667,0.294009062,0.791710544
Peptide: LAAPSVSHVS[+80]PR/Q8WXE1[S+80@224](ATRIP),-0.04206171,-0.0312632966667,0.224841334667,-0.263496302667,0.481377584333,-0.082767828,-0.946912647,0.362850925,-0.598886929,0.0,0.0,0.0,0.367012587667,0.671482879333,-0.222595435,0.14157761,0.118616869333,0.108881462333,0.0288203773333,-1.18735214133,-0.3761874415,0.0804564313333,-0.7252983395,-0.655083417,-0.489862982333,-0.3353267755,0.499110394667,0.432211457
Peptide: VDDDS[+80]LGEFPVTNSR/Q92785[S+80@142](DPF2),0.6036129425,0.570104826333,1.06526068333,0.910700196667,1.16531541567,0.848962203,0.0,0.524773282,0.0,0.926564498667,0.274414322667,-0.695584066,1.25751964133,0.218493531333,0.594542701667,1.030890598,1.11368472867,0.046244171,0.795253217,0.828403032,0.895577513,0.326141335667,1.2054939205,1.046852944,1.44921486433,1.27782739567,1.203744362,1.162906806
Peptide: NEEPVRS[+80]PERR/Q92922[S+80@310](SMARCC1),-0.1718907325,0.0828688583333,0.581030816,0.406253845667,0.0,-0.956941557,0.0,0.222376656,0.0,0.708105161,-2.874438549,0.378518373333,0.0,0.0,-0.55507129,0.0,0.0,0.0,0.0,-0.460806849,0.0,-0.304115902667,-0.492119182,0.0,0.0,0.0,0.0,0.0
Peptide: LFIIRGS[+80]PQQIDHAK/Q92945[S+80@480](KHSRP),1.0263151235,1.19534105767,1.10000593033,0.270628346,0.765949962333,0.0,0.0,0.859769167667,0.0,0.0,-0.177521857667,0.844071691667,0.813258087,0.363450616333,1.01613552733,0.0,0.566624839667,0.253794040667,0.307535681,0.141625874667,0.4198834545,0.419975027667,1.17993251,0.684335272,0.778095146667,0.0,0.699070185667,0.795866954
Peptide: S[+80]IEVENDFLPVEK/Q96B97[S+80@230](SH3KBP1),-2.29032956,-2.241103013,-3.95318199767,-0.971341652667,-3.19415835233,-2.01365526133,-1.186081383,-1.99174759067,-3.348045941,-2.05057383267,-0.48941591,-2.088227303,-1.74815469033,-1.45834292433,-0.207896733,-1.561247634,-0.950140124667,-2.22456263867,-0.495136921,-1.02970010133,-1.2051188,-3.40031538767,-2.944671272,-3.723112166,0.0,0.0,-0.632382667,-0.5357184
Peptide: TAPTLS[+80]PEHWK/Q96JM3[S+80@405](CHAMP1),-0.977645208,-0.508011805333,-0.379083147,-0.000743445333333,0.475956482333,-0.0769090716667,0.0,0.0,-0.983892178,0.717818380333,-0.474730944667,0.750161659667,-0.226102828667,0.087296692,-0.0381088496667,-0.20508352,0.0863633686667,-0.100809992667,0.0305898536667,-0.479300642667,-0.4954124335,-0.571875438667,-0.9339740885,-0.403451145,0.0,-0.460557956667,-0.0186790186667,0.304148098
Peptide: VLS[+80]PTAAKPSPFEGK/Q96QC0[S+80@313](PPP1R10),0.550236016,0.605850848,0.683041269333,0.195931879,1.22958479567,0.457695928667,-0.17175603,0.656387884667,0.669835908,0.590050706667,0.229183260667,1.22713913567,0.469554611333,0.405499586667,0.47791184,0.262892788667,0.316608240333,0.512082521667,0.711813041333,0.134059530667,0.3511820005,0.512002621667,0.6214748055,0.760293922,0.413561131,0.347954678333,0.425757847333,0.625889903
Peptide: SSDQPLTVPVS[+80]PK/Q9ULW0[S+80@738](TPX2),-0.8498317645,-0.974202956333,-1.30141908933,-0.910813032333,-1.10657235667,-1.11210704133,-1.184150028,-0.947510511333,-1.96073587,0.0,-0.902716480667,-1.02924129967,-0.85995621,-0.522073596667,-1.116763916,-1.80815886533,-1.30296663333,-1.99601981067,-1.475409041,-1.347243635,-1.780620813,-1.721859014,-1.824338528,-1.652165047,-1.994801692,-1.98103558067,-0.550273980333,-0.487150748
Peptide: FYETKEESYS[+80]PSKDR/Q96T23[S+80@473](RSF1),0.260236774,1.170400543,0.603460742333,-0.032337568,0.698257568667,0.149279321333,-0.011031382,0.839227081667,0.290100096,0.0,0.0,0.0,0.265268682667,0.493056606,0.773483119667,0.271207441667,0.668621409667,1.350359538,0.794876573333,0.599004829,0.5716571345,0.773624121,0.431142465,0.71152371,0.560105423,0.412244453,0.425583981333,0.175276681
Peptide: SDS[+80]PENKYSDSTGHSK/Q9BTA9[S+80@64](WAC),0.8155981035,0.658848141333,0.908571915667,0.439433583667,0.0,0.0,0.0,0.487833050667,0.0,0.0,0.0,0.0,0.632441774667,0.945788152,0.719625642,0.614938823667,0.941389354333,1.381378969,1.40149055433,0.241668728,0.0,-0.000435816333333,1.739908667,0.697716607,0.0,0.0,0.772046167667,-1.940835935
Peptide: S[+80]IPLSIK/Q9C0C9[S+80@515](UBE2O),-1.6395872105,-1.601772883,-2.50480718567,0.0,0.0,0.0,0.414700625,-1.59622342667,0.077858646,-1.669776959,0.0,0.0,-3.34219040233,-3.65605951133,-1.61118231133,-0.951613864667,-0.527506368333,0.0,-0.392536189333,-0.057910243,-1.81453658,-1.11424043167,-1.733497451,0.0,-3.67339129067,-2.61667040067,-0.016547734,-1.319868467
Peptide: RLS[+80]QSDEDVIR/Q9H7D7[S+80@121](WDR26),0.0303755755,0.0275491656667,0.253445177667,0.169756108667,0.146322769,0.080747901,0.867162419,0.915617294667,0.419353569,0.257970387,-0.179243812333,0.166551763333,0.323056116,0.180196845,0.942180159333,0.185708475667,0.656204946,1.24511445,1.11364062867,0.331262991333,-0.0520190245,-0.128411048667,0.444403039,0.42189821,0.0,-0.057553581,0.203791137333,-1.131457174
Peptide: ATS[+80]PVKSTTSITDAK/Q9NQW6[S+80@295](ANLN),0.3428945405,0.0,0.586963297667,0.143719290667,0.590992501333,0.397817294667,0.183023952,-0.198981627667,-0.243325401,0.0,-0.796340397667,0.760280192667,0.247278757,0.563571374333,-0.177749237,0.0,0.487380090333,1.37702154833,0.708750114,0.000985295333333,0.0,0.286126681333,0.5208626775,0.089108849,0.0,-0.08774601,0.413974620333,0.685419148
Peptide: ALGS[+80]PTKQLLPC[+57]EMAC[+57]NEK/Q9NR45[S+80@275][C+57@283][C+57@287](NANS),0.606062645,0.0,0.0,0.372057787,0.0,0.191884534333,0.335523932,0.748430984667,0.200605828,0.645950983667,-0.756108114667,0.165135044667,0.0,0.0,0.860225491667,0.390838767,0.891041285333,1.89034751967,1.40321460533,0.290056841333,0.819132186,0.155990157,0.801808742,0.787430819,0.0,0.551478061333,0.570808808333,0.787661447
Peptide: YLLGDAPVS[+80]PSSQK/Q9NYB0[S+80@203](TERF2IP),-0.1728639565,0.332752879,0.399942552333,0.101032603,0.604467245333,-0.019413327,-0.380036191,-0.697768680667,-0.503670049,0.757267106333,0.049074894,0.448014153,0.484199843,0.585288010667,0.531289081,0.112645600333,0.620601012,0.440927584,0.459788096,-0.045470065,-0.1906815345,0.126972865333,0.2142386465,0.044431242,0.020409034,-0.117376267667,0.397092963333,0.386919904
Peptide: ANS[+80]PEKPPEAGAAHKPR/Q9UFC0[S+80@212](LRWD1),0.6155228765,0.788208731667,0.809033149333,0.483303002333,0.957802461667,0.281952587,-0.625419966,0.891981945333,0.082268923,0.0,-0.335429164667,0.837790897,0.495709367667,0.819373608,0.724702743333,0.453696342,0.763565308,1.66736291667,0.781366498,0.333048233333,0.4294342785,0.593554539333,0.6614701735,0.844434175,0.494196489333,0.256117664333,0.530105296,0.0
Peptide: SEVQQPVHPKPLS[+80]PDSR/Q9UHB6[S+80@362](LIMA1),0.2945453,-0.139710885667,0.577779153,0.688128879333,0.466516523667,0.146692117667,-0.83946591,-1.138613001,0.039091544,0.221737317667,-0.341971694333,0.0416522966667,0.381604426667,0.613446266333,0.675446751667,0.625563176,0.683413825333,-0.518167401667,0.487176272333,0.317828904,0.2910795605,0.098509177,1.2620501665,0.685609344,0.0974488373333,0.233659007333,0.226003212333,0.424393397
Peptide: ETPHS[+80]PGVEDAPIAK/Q9UHB6[S+80@490](LIMA1),0.686195804,0.804715308333,0.905580102333,-0.293940025667,1.21722738433,0.461450476333,0.778604332,0.807126031,0.897943077,0.576767831667,-0.463845517333,0.166908608667,0.952813940333,1.03162391433,0.606718365,0.607373183333,1.01840859833,0.986670716333,1.076555913,0.184433610667,0.506072573,0.413081209,-0.3104251395,0.670903742,0.560462927667,0.616628416667,0.346624793,0.810995541
Peptide: SQS[+80]PHYFR/Q9UKJ3[S+80@1035](GPATCH8),0.723211462,1.019740019,1.01384195233,0.501883728333,1.19774352633,0.299119109333,1.038294085,0.839314462667,0.016968016,0.85562753,-0.44712137,0.616700304,0.557815389333,1.03001841367,0.809213681,0.622077999,1.01113486,1.83370196433,1.30716118667,0.398220935,0.5008432475,0.798588191667,0.629800733,0.617883118,0.662329832667,0.53898144,0.611627414,0.685487605
Peptide: DRS[+80]SPPPGYIPDELHQVAR/Q9Y2U5[S+80@163](MAP3K2),0.198551196,0.516590228,0.537685976,-0.780838568333,-0.377457798667,-0.00248258066667,-0.492238241,0.438456252667,0.315297809,0.0,0.0,0.0,0.55880577,0.344115121667,-0.0367883446667,0.403111540333,0.486465606333,0.351256734333,0.586828733333,-0.115791532667,0.416549309,0.087171678,-0.214618889,0.23923733,0.938339541667,-0.40342201,0.376646496667,0.273687924
Peptide: SPALKS[+80]PLQSVVVR/Q9Y2W1[S+80@253](THRAP3),-0.6267739025,-0.489977070333,-0.284807267333,-0.180577161,0.776597399,-0.0943307226667,0.0,-0.247100203667,0.0,-1.0866130435,-0.0629079133333,0.625856952667,-0.491072526333,-0.512961088667,-0.247929623333,-1.12985762367,-0.461043373,0.606792702667,0.119829131667,-0.572568876333,-0.8197011525,-0.284195489,-0.779847821,-0.82215564,-0.922168664667,-1.10626130267,-0.187090055,-0.067431707
Peptide: AFGSGIDIKPGT[+80]PPIAGR/Q9Y520[T+80@2673](PRRC2C),1.4902821605,1.18014461267,1.59690221433,0.678973970333,1.17149845,1.21991282033,0.242526524,0.638511094333,1.680835415,0.0,0.285643152667,0.490249178,2.048819787,1.99253667733,0.520160279,0.773664018,0.727117832667,-1.44588202267,-0.405497541,0.976116564667,0.0,0.590572675667,2.3354704115,2.016346721,1.538664532,0.0,1.607773071,1.943839938
Peptide: SFS[+80]SQRPVDR/Q9Y520[S+80@1544](PRRC2C),0.7279513335,1.56271320567,0.946115893667,0.140517922333,-0.476298170667,0.157968510333,1.388232535,0.611219418,-0.057185273,-0.878664517667,0.0,0.0,0.750621165333,1.10371856633,0.582527078,0.657156162,0.872017534,-0.014209713,1.101717596,0.574352638,0.3378133565,0.530400821,0.40765225,0.281800765,0.547460632333,0.369717266,0.600788935333,0.548883203
Peptide: VYT[+80]HEVVTLWYR/P06493[T+80@161](CDK1),0.0515405935,0.365881011333,0.599982782667,0.667331607,0.646024496333,0.266871562,0.039529735,0.855682164,0.0,0.0,-0.329284883,0.516273837667,0.649479189,0.215667153333,0.771972397667,0.0684932366667,0.113424226333,1.92936003,-0.005529099,1.55497689,0.278041681,0.478296084667,2.1899965325,0.294447906,0.121829719,-0.17802679,0.573744495,0.636266983
Peptide: SST[+80]PLPTISSSAENTR/P42167[T+80@160](TMPO),1.0459864375,0.900057818,1.094435395,1.01929275533,0.957670723333,0.523457242333,0.709933919,0.375649858667,0.126468633,0.523023363667,0.30598582,-1.50593295067,0.882664748667,1.448802302,1.01301728567,1.197088493,1.482098808,0.936021085333,1.55470220033,1.21142885367,1.150891496,0.684591866333,1.4205396715,1.318797036,1.456146135,1.028839624,0.935884681,0.830702622
Peptide: QIT[+80]MEELVR/Q15149[T+80@4030](PLEC),-1.2994753585,-0.553420667,-1.50404665567,-1.13069825,-4.004191213,0.0,0.0,-1.537459214,0.0,0.0,2.34494553533,0.0,0.0,-3.01789099567,0.135480928333,0.0,-0.0175564136667,-1.12310789333,-0.124093104333,0.0,0.0,0.0,-3.605841179,-3.34414627,0.0,-3.8701495865,-4.728937536,-4.262258344
Peptide: TQLWASEPGT[+80]PPLPTSLPSQNPILK/Q9BXP5[T+80@544](SRRT),0.465172666,0.40138668,0.935137711,0.172889318,0.507722214667,0.397273145667,-0.291590326,0.011990492,0.166131158,1.05012367533,-0.0683680526667,0.696950528,0.58470309,0.274905782667,0.517973168333,0.738501395667,0.556503982333,0.503412313333,0.600656256333,0.18849447,0.2365778405,0.0613255403333,0.7827252445,0.723573009,0.460791780667,0.537395549,0.315662710667,0.0
Peptide: ALPQT[+80]PRPR/Q9UQ35[T+80@1492](SRRM2),0.16186419,0.447174396667,0.564448420333,0.063107461,0.358038609333,0.0543892066667,-1.07952957,-0.792785029333,0.00251721,-0.957934014333,0.674680933,-0.612680800333,0.351167849333,0.364523359667,0.0946620543333,-0.0103029846667,0.287678180667,0.195132408667,-0.0285369196667,-0.041164874,0.0525711635,0.187944283333,0.1447643465,0.292353761,0.233898679,0.0813770693333,0.341138644333,0.713795016
Peptide: S[+80]PTGPSNSFLANMGGTVAHK/Q96I25[S+80@222](RBM17),0.1133526435,1.149642667,1.06071004967,0.260677401,0.735036615667,0.392749832667,0.0,0.0,0.0,-0.946812768,-1.6705661175,-0.115301179667,0.693522580667,0.934149357667,0.691756763333,0.280298206,0.935750323667,0.984147395333,0.977274991333,0.324657573333,0.45480142,1.07560146567,0.013189535,0.0,0.105557557667,0.694786180667,0.0,0.562695562
Peptide: S[+80]FAGNLNTYKR/Q01813[S+80@386](PFKP),0.758987164,0.289678642667,0.859460368333,0.653878975,-0.562500339667,0.0210949993333,1.172668752,0.0,0.346454611,0.0,-0.589371431,0.522768004667,0.612190918667,0.984730867667,0.789652882,0.807184959333,0.954513894,1.56907251733,1.29198750367,0.469951692333,0.6534516275,0.732025278667,1.1556090065,0.982179549,0.342403028,0.307408348,0.292344752,0.539441993
Peptide: HRPS[+80]PPATPPPK/Q8IYB3[S+80@402](SRRM1),1.5496798055,1.213144479,2.42533651267,1.527892977,2.75997753567,0.0,0.0,0.0,0.0,0.938751851,-1.38667237633,1.66648793267,1.33336339067,1.40400734767,0.0,0.0,1.75512248933,5.05869726233,2.74613704067,0.547586201667,1.8292344925,1.610894444,1.9372837775,1.805792295,2.364617416,1.59406670067,0.985632594667,1.168520991
Peptide: LHS[+80]APNLSDLHVVRPK/O75385[S+80@556](ULK1),-5.246360002,0.0,-1.6283266915,0.756849131667,-0.203632847333,0.0,0.0,0.0,0.0,0.0,-0.0681048816667,0.0,-0.274552576,-0.992432359667,-4.870168761,0.0,-3.795103267,-3.045696984,-3.461100441,-1.801092253,0.0,0.0,-0.0119806265,0.0,0.0,0.0,0.0,0.0
Peptide: TLGRRDS[+80]SDDWEIPDGQITVGQR/P15056[S+80@446](BRAF),0.174122494,0.0874734453333,0.452028435333,0.165892895333,-0.0757880973333,-0.091229372,0.216006312,0.0,0.1083786,0.506199000333,-0.563345351333,-0.560365944667,0.300000443333,0.498406763,0.666098583333,0.211303131333,0.593912087333,-0.0199008313333,0.862999242,-0.0447499686667,0.1341598695,0.339052106333,0.457595237,0.590073587,0.254345532667,0.371899586667,0.472547805,0.445052413
Peptide: S[+80]PPAPGLQPM[+16]R/P15408[S+80@200][M+16@209](FOSL2),0.5387750225,0.0,0.0,0.133677967333,1.20740021333,0.439730997,0.0,0.0,0.0,0.229289083,0.297204355667,-0.230733977333,0.0,0.0,0.925159379333,0.0,1.12480103467,0.177410364333,1.038646451,0.489624567667,0.0,0.0,1.062711016,0.0,1.05231783033,0.0,0.0,2.634665502
Peptide: A[+42]TTATM[+16]ATSGS[+80]AR/P38919[S+80@12][M+16@7][A+42@2](EIF4A3),0.019300843,0.0,-2.92423880433,-0.653040051333,-2.40256508433,0.0,0.0,0.0,0.0,0.0,0.346508507667,-2.426964488,-1.70282078767,-0.931388296667,1.19936014267,-2.40601774167,-2.161990341,-0.692128271333,-3.003387434,1.38013963867,0.0,0.094614402,-0.303901176,0.0,0.0,0.0,-1.067969013,-3.458853405
Peptide: RPHS[+80]PEKAFSSNPVVR/Q53F19[S+80@500](NCBP3),0.8248565775,1.52472034867,0.967060267667,0.402992900667,1.16687088567,0.338213963,-0.314358965,0.0,-0.242923665,0.674492163333,-0.510809141667,0.704901968667,0.451501227333,0.857561524,0.582800693333,0.466085151667,0.610995527333,1.63520265833,0.880539747333,0.278467753,0.4832050795,0.749964480667,0.7410960185,0.680016806,0.687105996667,0.596823317333,0.700264628333,0.793602053
Peptide: KPNIFYSGPAS[+80]PARPR/Q6PL18[S+80@327](ATAD2),-0.1574644385,-0.094372311,0.0191003656667,-0.197528452667,0.153064619667,-0.197067901,-2.181911729,0.0,0.0,0.0,-0.0489087306667,0.165688519667,-0.263137514333,-0.231342823667,-0.491498069333,-0.52550868,-0.316873275667,-0.424114333,-0.727886369667,-0.746985103,-1.107728717,-1.349602575,-0.5466928345,-0.483992598,-0.736745744667,-0.773508498333,0.359382507333,0.598053678
Peptide: QGSGRES[+80]PSLASR/Q8WWM7[S+80@339](ATXN2L),1.0918120965,1.729603686,1.08037204733,0.323964617,0.210515962333,0.421948814,0.493791297,0.0,-0.111892128,0.0,0.156897232,0.211422047,1.202353388,1.41270921033,0.783265671,0.0,0.983812969333,-0.214539162,0.841041860667,0.656828828667,0.687466704,0.352544954333,1.16780306,1.216313494,1.23189217733,0.899385048,0.987903569333,0.0
Peptide: HLPS[+80]PPTLDSIITEYLR/Q9Y4B6[S+80@1000](DCAF1),0.0333188745,-0.170387919333,0.0,0.4172804,-0.191960631667,0.646062224333,0.0,0.0,0.0,0.0,0.237319006333,0.498571696667,0.0,0.0,-0.324352810333,0.467336446333,0.470265220667,0.981745224,0.622661426,-0.936538341667,0.502564652,-0.305516189333,0.828576271,0.0,-0.580682709333,0.0,0.0,0.759491933
Peptide: ST[+80]FHAGQLR/Q7KZI7[T+80@596](MARK2),-1.4436832365,-1.05847623167,-1.27997938167,0.030790616,0.0,-0.927338297,0.0,0.0,0.0,0.0,0.713321857667,0.0,0.0,0.0,-0.797427941,0.0,-1.58713829133,1.02315597533,-0.970247276,-1.532981446,0.0,0.0,-0.9482311035,-1.266392578,-2.549151937,0.0,0.0,0.0
Peptide: A[+42]TTATMATSGS[+80]AR/P38919[S+80@12][A+42@2](EIF4A3),-1.7899051215,-1.54196518467,-2.40916997667,-1.843612494,-2.16533583333,-2.548956044,-1.094779244,0.0,-2.243114198,-3.60234519,0.0,0.0,-1.944141372,-0.876236639333,-1.68533284167,0.0,-2.63672523233,-2.01022400833,-2.941059963,-0.101871051333,-1.951193452,-1.09748487233,-2.4033286755,-2.508260273,0.0,-2.364332813,-1.290737697,-0.84694054
Peptide: SMS[+80]VDLSHIPLKDPLLFK/A0JNW5[S+80@935](UHRF1BP1L),0.0,0.0,-0.922874282333,0.908946182,0.2120385045,0.0,0.0,0.0,0.0,0.0,0.0,0.0,0.0,-3.401733023,-0.707426776667,0.0,-0.583225567,0.388786821333,-0.205496508667,0.192772116,0.0,0.0,-0.870763292,-2.104435137,-2.524945319,0.0,-1.924792369,-2.431646926
Peptide: S[+80]LTAHSLLPLAEK/Q86VI3[S+80@1424](IQGAP3),0.6304483025,-4.60283795633,0.0,-3.10781536633,0.0,0.0,0.0,0.0,0.0,0.0,0.0,0.0,0.0,-2.86783554,-2.29870499533,0.0,-1.99378365167,-2.36543075733,-2.531339223,-0.807122818667,0.0,0.0,-3.0944689065,0.0,0.0,0.0,-2.0497228435,-0.981864485
Peptide: IHVSRS[+80]PTRPR/Q499Z4[S+80@189](ZNF672),0.7436690765,0.736965464,0.799477274,-0.167068860333,-0.124848797667,0.396086857333,0.0,0.0,0.0,0.0,0.0,0.0,0.603652064667,0.629764639333,0.462036149667,0.0,0.464585502333,0.642094276333,0.399492502,0.351497189,0.40545118,0.415255552333,0.39504426,0.714704903,0.0,0.198443325,0.678597044667,0.885302033
Peptide: TEFLDLDNSPLSPPS[+80]PR/Q8NCF5[S+80@204](NFATC2IP),0.5055750435,1.20926589467,0.518165592333,0.000197845666667,-0.0703990456667,0.211386382333,0.0,0.0,0.0,0.0,0.0,0.0,0.744959624,0.827859163,0.843267526,0.0,0.952062424,-0.457590221,0.772548228333,-0.136407240667,0.3071587235,0.656217376667,0.835888521,0.0,0.859035128333,0.515923346,0.0,0.649708536
Peptide: LQS[+80]EPESIR/P09496[S+80@105](CLTA),-0.2040499905,0.0,0.0,-1.74731860067,0.0,0.0,0.0,0.0,0.0,0.0,0.0,0.0,0.0,0.0,-0.992574514667,0.0,0.0,0.0,0.0,0.958636288333,0.0,0.0,-1.6858373585,0.0,0.0,0.0,0.0,0.0
Peptide: RLIS[+80]PYKK/O14929[S+80@361](HAT1),-0.0333801805,0.0,0.0,1.66582308933,0.0198997083333,0.0,0.0,0.0,0.0,0.0,0.0,0.0,0.0,0.0,-0.05983322,0.0,0.416581584333,0.773700625,0.161529979,-0.0102398693333,0.0,1.28579039433,0.521464721,0.424494705,0.0,0.0,0.472061328333,0.610901412
Peptide: LLEDS[+80]EESSEETVSR/O60231[S+80@103](DHX16),0.0,0.0,1.71777162133,-0.236360324333,0.0,0.0,0.0,0.0,0.0,0.0,0.0,0.0,0.0,0.0,-0.0154727256667,0.0,1.49627936233,4.02725143367,1.49138588233,0.904258010667,0.0,0.0,0.795933734,0.0,0.0,0.0,0.0,0.0
Peptide: RRLS[+80]SLR/P62753[S+80@235](RPS6),0.5019283275,0.0,-0.665202208,-0.559555511,0.0,0.0,0.0,0.0,0.0,0.237355187667,0.0,0.0,0.0,0.0,0.719975344667,0.0,-1.02734735633,-3.57201354367,-1.430017993,-1.50550039833,0.0,0.0,-0.528094652,0.673156517,0.0,0.0,0.0,-4.055544467
Peptide: RLS[+80]ESQLSFRR/Q96PK6[S+80@618](RBM14),-0.833080287,-0.289695896333,-0.814298125333,-0.591597418,-2.353287707,0.0,0.0,0.0,0.0,0.0,0.0,0.0,0.0,0.0,0.0388758346667,0.0,-2.308330249,-1.639339781,-1.84346941933,-0.472256182667,0.0,-0.717121299667,-1.257266138,-1.260986894,0.0,-0.324240872667,-3.85268105233,0.0
Peptide: RLS[+80]LPGLLSQVSPR/Q96Q42[S+80@483](ALS2),0.0,0.31383572,1.537933386,0.387528488667,0.0,0.0,0.0,0.0,0.0,-2.045268467,0.0,0.0,0.0,0.0,0.820547786,0.0,0.723226466333,-0.609875947667,0.933536578333,0.646559403333,0.0,0.258774035,0.941440262,0.0,0.0,0.0,0.488686581333,1.130308788
Peptide: SPDKPGGS[+80]PSASRR/Q9Y3T9[S+80@56](NOC2L),0.740553991,0.489974228,0.0,0.201560035,0.0,0.455911545,0.0,0.0,0.0,0.0,0.0,0.0,0.0,0.0,0.0,0.0,0.0,0.0,0.0,-0.523707959,0.0393150745,-0.219946943,1.1261949685,0.394200121,0.0655995216667,-0.00893906733333,0.248260557,0.0
Peptide: S[+80]LTNSHLEKK/Q9H2H9[S+80@52](SLC38A1),0.0,0.0,-1.37702517133,2.633261217,0.0,0.0,0.0,0.0,0.0,0.0,0.0,0.0,0.0,0.0,0.673851628667,0.0,0.113231078667,0.533780347333,0.220983303,0.744272713,0.0,0.0,1.607883035,0.0,0.0,0.0,-0.045134214,0.0
Peptide: LQTPNT[+80]FPKR/Q14978[T+80@610](NOLC1),-0.465904782,0.582394565,0.0,-1.0018868355,0.0,-0.166494230667,0.0,0.0,0.0,0.0,0.0,0.0,0.0,0.0,0.446212438333,0.0,-3.67063182567,0.0394426546667,-3.37235442867,1.800399084,0.0,0.604022433667,-2.7072023815,0.0,0.0,0.581411062667,0.0,0.0
Peptide: QIT[+80]M[+16]EELVR/Q15149[M+16@4031][T+80@4030](PLEC),0.5063660075,0.0,0.0,0.164975857333,0.0,0.0,0.0,0.0,0.0,0.0,0.0,0.0,0.0,0.0,-2.076245508,0.0,0.0,0.0,-1.1738840665,-1.919586927,0.0,0.0,0.4026966965,0.0,0.0,0.0,-3.0129255735,0.0
